Price,Close,High,Low,Open,Volume
Ticker,SYK,SYK,SYK,SYK,SYK
Date,,,,,
2022-03-25,257.51165771484375,257.75367994953814,254.22982203139733,255.57547983728853,829600
2022-03-28,261.5002136230469,261.6067187829841,256.3403119036249,258.7411538778659,1004500
2022-03-29,264.2591857910156,265.38217227998064,261.27748545693345,263.5040777519886,1025400
2022-03-30,261.216552734375,264.42910421225343,259.7024517681595,262.9247183249111,939800
2022-03-31,259.4792175292969,263.5846673035171,259.1492306891824,260.0033282137799,1566000
2022-04-01,261.129150390625,262.7791142018754,258.9162748242169,260.37211479209435,1044600
2022-04-04,257.3148193359375,260.09063587267417,254.44197051077558,259.8382808368429,1264600
2022-04-05,260.5953674316406,261.9735757033661,256.2860785392174,256.42197116028024,2199700
2022-04-06,260.30419921875,260.8185948248371,250.0550881705379,250.385075010373,4085800
2022-04-07,262.2162170410156,263.47793323574405,257.6351725023596,259.2559911700888,1372600
2022-04-08,261.5367736816406,263.41966223013003,258.88713452980454,261.90559117740577,1097200
2022-04-11,255.58724975585938,260.5273962712396,255.1893166281703,259.634497717662,1046500
2022-04-12,254.69439697265625,257.54781644503254,252.84062360917582,255.82022063485275,945900
2022-04-13,255.87844848632812,256.3345832445894,251.8603159340087,251.8603159340087,864900
2022-04-14,253.99557495117188,257.7225219597999,253.4811793134505,257.71280688125023,913000
2022-04-18,251.33619689941406,254.8981649559992,250.12299695930375,252.7532357552431,590800
2022-04-19,263.67205810546875,265.76844171912285,252.71442700180725,252.71442700180725,2345400
2022-04-20,268.2336730957031,271.05800636197745,263.59439729653354,263.59439729653354,1459500
2022-04-21,262.0802917480469,270.30093538417304,261.9541142204751,269.1168511072399,1354300
2022-04-22,240.999755859375,257.2760367091045,239.18481336357772,255.29611559685722,3099300
2022-04-25,246.35723876953125,247.05604313215017,239.52448829271717,240.31065430784085,1800400
2022-04-26,241.57237243652344,246.0466545244515,241.57237243652344,245.06639427878156,1354100
2022-04-27,241.81500244140625,244.56168884096522,238.96156866593662,241.17444413809557,1751200
2022-04-28,244.67819213867188,246.1534327373697,239.92243905438616,244.04731922659198,1628100
2022-04-29,234.1573028564453,241.69855828647044,233.71085354487056,241.5141495149011,3090500
2022-05-02,229.99359130859375,236.55457120412717,223.38408045390548,234.58433570090958,1911600
2022-05-03,230.86709594726562,233.02174027124022,229.54713379212416,229.9935978957386,1148100
2022-05-04,238.72862243652344,240.45621789292608,229.15890112396207,231.4494231057588,1654400
2022-05-05,234.25436401367188,239.53421282425307,230.90593494955246,236.836057188041,1879900
2022-05-06,233.0120391845703,234.09906161102077,228.25628644970993,232.89557672732772,1506300
2022-05-09,222.26792907714844,229.5374284425674,221.1323757114731,228.56686849143603,2011000
2022-05-10,220.8120880126953,226.49956988940258,217.42484327882448,224.68462752920087,1858000
2022-05-11,220.0453643798828,226.20842630357416,219.38537587892088,220.49181368651352,1429600
2022-05-12,221.2876739501953,221.7729539369282,217.44424993906011,217.44424993906011,1375500
2022-05-13,226.4025115966797,228.9356735233296,223.74317214420353,224.88844052503953,1261300
2022-05-16,226.96546936035156,228.37277844454798,224.65553174560395,225.14081176150415,985500
2022-05-17,232.08999633789062,232.45879903369308,228.72215226077392,230.5662101684931,1058400
2022-05-18,225.37371826171875,230.38179603192708,224.39344329604924,229.17831124811383,1101300
2022-05-19,223.71408081054688,225.42226108529053,220.53064518377846,221.90883861162342,1920100
2022-05-20,225.4125518798828,227.17897812484395,220.00652576603227,226.17928773605146,1086600
2022-05-23,226.18899536132812,228.6250954618614,223.80141140979234,228.08158426887942,925000
2022-05-24,226.4122314453125,227.35367581273917,222.9085093174591,225.52901830728212,771800
2022-05-25,228.09130859375,229.61509495796105,224.21878353053017,225.50963015479374,1115400
2022-05-26,228.02337646484375,230.34301435074386,225.97549420334917,228.99393649759813,907900
2022-05-27,229.53744506835938,231.54651142131485,229.2171584841388,230.08095631082927,1021300
2022-05-31,227.59632873535156,228.35336437964165,224.70406397102354,227.54779777157484,2090100
2022-06-01,221.2876739501953,229.06185400621095,218.94862085984605,228.50864252231182,1156600
2022-06-02,227.48951721191406,227.64481033849876,217.59951020726322,222.62701781107666,1011500
2022-06-03,222.27764892578125,225.56784663835504,221.97677770400372,225.56784663835504,747300
2022-06-06,221.43325805664062,224.63610901827218,220.55975998054578,224.24789094213455,794700
2022-06-07,223.908203125,224.22848972229886,218.98747131639465,219.34657379992467,739900
2022-06-08,219.996826171875,223.1996770282248,219.6377237227733,222.8017438870436,660400
2022-06-09,212.5235137939453,219.00684716226345,212.28087380603696,218.57009814594232,983800
2022-06-10,210.0291748046875,212.59145257239382,207.86483018507974,208.8450904383656,1346700
2022-06-13,201.0029754638672,205.933407072988,199.90623796005235,204.19611124503325,1762500
2022-06-14,194.67489624023438,200.51767067641276,192.45230589322952,199.82856666758747,1792800
2022-06-15,196.54808044433594,199.68299959103257,193.5102380212464,197.58658664818395,1651900
2022-06-16,189.93858337402344,191.82147208740602,187.95864754927703,190.8509121163486,1438500
2022-06-17,188.37594604492188,193.8887333518711,188.2303680002811,190.3850119183674,2265200
2022-06-21,189.93858337402344,192.42321453039926,188.63803656710326,191.6079477090078,1411400
2022-06-22,190.95767211914062,193.33554105909147,187.64805910143212,188.48274125936743,1300900
2022-06-23,194.1702117919922,195.41252728285775,191.2876476958015,191.59823397330229,1293000
2022-06-24,198.41156005859375,199.01331728775497,194.04404035868504,196.09192241035834,1546200
2022-06-27,197.1498260498047,199.4888640209343,195.8007484576655,198.5668351301171,1126100
2022-06-28,191.9767608642578,199.29477636313152,191.83116798617357,198.3048158780924,1313400
2022-06-29,194.2412872314453,195.2347533606172,191.46544653241114,193.54003363285486,904600
2022-06-30,193.7542724609375,194.07568837126223,189.04995149999195,192.12772396574675,2424900
2022-07-01,198.55599975585938,198.8481973703656,192.10824274155215,193.80296215446975,1976600
2022-07-05,196.763916015625,197.28012546564216,191.94270641656007,195.78993367796375,1090300
2022-07-06,195.5366668701172,198.273569416479,194.08544286099922,197.2119174923091,1278800
2022-07-07,196.4521942138672,196.74439182755282,193.41337469982764,195.2931530920465,2043100
2022-07-08,195.65354919433594,197.9716167255346,194.51399180315323,195.99443404744127,854600
2022-07-11,192.29330444335938,194.30945479215495,191.16349635205918,191.73814230065514,1120600
2022-07-12,190.62777709960938,194.12436925891618,189.9167743305257,191.53357331561892,1061900
2022-07-13,189.1278533935547,190.6083104748337,186.3520130856688,187.64741117406436,1056700
2022-07-14,187.3747100830078,188.01752707329544,185.58257144735674,186.70265995236238,1314300
2022-07-15,189.69276428222656,191.21218896897693,188.29024242503868,190.9297258137946,1904000
2022-07-18,184.34559631347656,189.75119994333167,183.92677628215358,189.75119994333167,2065900
2022-07-19,192.1666717529297,192.33224692690342,186.88769054196658,187.48182021883113,2960600
2022-07-20,192.8971710205078,194.58215600701467,190.16028351091452,191.9134395209368,1613700
2022-07-21,195.0302276611328,195.32241047152658,191.26090592735258,192.47838384329648,1420900
2022-07-22,194.2315216064453,195.88728831497602,191.90370482602083,193.4913005111155,1800400
2022-07-25,196.2671356201172,196.66647186422213,193.40364061330968,194.35813894891217,1388000
2022-07-26,199.09170532226562,199.74427161368163,195.76068797744003,197.26061402816225,2307700
2022-07-27,206.28939819335938,215.25976442215384,200.6500338824228,213.93514825874675,3773500
2022-07-28,213.33128356933594,215.06497039970424,205.2277607802349,206.28939762972595,3674500
2022-07-29,209.16265869140625,212.32810055751602,208.821759007264,212.07487055847076,1981800
2022-08-01,207.93545532226562,209.49381785095238,205.59788923655316,206.95172383558537,1564000
2022-08-02,207.70167541503906,210.75024403505034,206.78612989581606,207.85751611230828,852600
2022-08-03,210.28273010253906,211.88980948963456,207.38026759676768,209.1529221579662,1032600
2022-08-04,208.65621948242188,210.8963816966254,208.35428735379867,210.66262059940576,979900
2022-08-05,210.1756134033203,210.37042173368252,206.5329294694555,206.96148401738995,1152400
2022-08-08,211.6658172607422,212.64953392516944,209.93211528481248,211.95800002913427,1319300
2022-08-09,209.35748291015625,212.60084560535876,208.54907585443402,211.43206987076618,1329400
2022-08-10,213.49688720703125,213.56507309211557,210.6723448783879,213.16573683836324,1359700
2022-08-11,212.3378448486328,217.762932600647,212.04566209075526,215.3669299535328,1696900
2022-08-12,217.3148956298828,217.51943842346637,212.8151027889281,213.00989624932916,1084400
2022-08-15,218.72718811035156,219.58428233376245,215.7662739224555,216.2045629367367,1468100
2022-08-16,218.32785034179688,220.3634695433459,216.21431078196704,217.19802743940832,1178600
2022-08-17,215.6688690185547,217.28568301943844,213.91571296744476,215.95133217602134,1018800
2022-08-18,215.09420776367188,217.35385341520157,213.89621391765257,216.6233668253724,960800
2022-08-19,212.46449279785156,215.17216233243755,211.69505334006507,215.06502368775435,915500
2022-08-22,206.82510375976562,210.3703979900965,206.02643130843245,209.55224173556834,784300
2022-08-23,203.69862365722656,206.40629281073223,202.93891877886384,205.90956727081445,907700
2022-08-24,206.97122192382812,207.37055820119292,203.13372959591885,203.51358206756632,1530500
2022-08-25,211.05221557617188,211.26649285955236,207.5750918191436,208.58804167908588,725900
2022-08-26,201.6143035888672,211.06192740304104,201.438993936796,211.06192740304104,968300
2022-08-29,201.41952514648438,203.2895692169107,199.35467274351828,199.66635418615058,630300
2022-08-30,199.92933654785156,202.2961062335005,199.09171123543567,201.85781720228283,733200
2022-08-31,199.86114501953125,204.29276701412635,199.49104188852573,202.2571477773346,1416300
2022-09-01,201.30264282226562,201.4195307974267,196.78336580983046,199.5884394250625,874400
2022-09-02,198.45863342285156,203.56230616203925,196.65677503657787,203.56230616203925,862900
2022-09-06,197.45538330078125,200.12409955541028,196.58853984236836,199.61762471152574,1273400
2022-09-07,205.71478271484375,206.1043696420106,197.59176004113823,197.59176004113823,1087400
2022-09-08,214.54881286621094,214.71438806840254,203.73760374366577,203.73760374366577,2596400
2022-09-09,224.01589965820312,224.02563412968354,214.77280349162731,215.2500601063604,3123800
2022-09-12,225.7982940673828,226.51904624198144,223.9185007027601,224.36653905168114,2594900
2022-09-13,219.973876953125,222.97372892990248,218.49341990746393,220.16867041292002,1502800
2022-09-14,220.30503845214844,222.0971621516732,217.92851948192302,217.92851948192302,1394800
2022-09-15,220.82122802734375,224.62950169358243,220.01282108216196,220.30501869130288,1661900
2022-09-16,215.49356079101562,219.14599402476168,213.58454914832393,218.45446012665198,2324000
2022-09-19,215.13320922851562,215.56176380654694,210.75028899976093,213.5650971744229,1090300
2022-09-20,212.2891387939453,214.19813533104056,209.12369706230663,213.03909428833924,1003200
2022-09-21,206.94198608398438,215.56173395142332,206.85433125837903,213.9254362311833,1000300
2022-09-22,203.44541931152344,206.56215957249754,202.81232192517896,206.53294129362823,1201100
2022-09-23,201.54611206054688,202.67593488154534,197.32878257809796,202.02336864746545,1331900
2022-09-26,197.9716033935547,201.5461160452958,195.7119725686705,200.80589497300042,1103200
2022-09-27,197.40670776367188,201.77989324954365,195.57563130955933,200.63060137205753,1444300
2022-09-28,200.46502685546875,201.72145737507626,196.85154629447646,199.19884700215496,1349000
2022-09-29,200.81195068359375,201.97491893620114,196.81486989724985,199.93240263164617,1107900
2022-09-30,197.938720703125,205.50288993555753,197.68463271172152,201.7696798654898,1486000
2022-10-03,205.0729217529297,206.39225887103774,199.2971795697869,200.71425088632702,962800
2022-10-04,210.8975067138672,211.03432562860667,207.18383128389698,207.18383128389698,1091900
2022-10-05,211.21023559570312,212.9986639068737,207.67247861425452,208.55202667646915,764100
2022-10-06,206.61703491210938,211.4741294378158,206.33362958884712,210.83890186821165,1052500
2022-10-07,203.7828826904297,205.34652521841775,202.14104088707833,204.54516159165416,1222100
2022-10-10,203.27468872070312,206.52904009400606,201.18330550054313,206.05016646855242,1030300
2022-10-11,206.65611267089844,209.36317378662565,201.8967379380296,203.14765803428645,1717900
2022-10-12,203.90989685058594,209.96905758190775,203.8414948603649,207.34016644171868,1958100
2022-10-13,209.2361297607422,211.54251640187195,198.6130618640099,200.12785229101408,1197700
2022-10-14,204.37901306152344,211.9920341603747,203.51900003020677,211.45452601580178,1607300
2022-10-17,210.7313690185547,212.04092360914615,207.4086005367018,207.51610217695296,1767600
2022-10-18,210.0374755859375,219.49757444854197,209.67588596628704,217.562545076013,1771600
2022-10-19,211.76727294921875,212.6077362005774,208.50315412432403,209.5683880963535,1610100
2022-10-20,209.56838989257812,214.27888217455384,207.78972919407602,211.67932294833585,1332100
2022-10-21,213.35047912597656,213.63389932066144,205.53222136364155,208.84520749394528,1562800
2022-10-24,215.49072265625,217.57233849052938,214.04434919205247,215.74481065699706,1078900
2022-10-25,219.5171356201172,220.2696471328064,214.59163961011464,214.59163961011464,1352300
2022-10-26,223.39691162109375,226.02580285557752,219.4486984991251,220.67030112391188,1555200
2022-10-27,223.09396362304688,225.2048966044605,221.6378078798034,223.99306139391373,1764300
2022-10-28,224.02239990234375,225.98674671521752,223.0255827711844,223.1624016859794,1509100
2022-10-31,224.0321807861328,224.57945644169203,221.14918631636243,222.65420928129348,2690900
2022-11-01,215.0900421142578,216.78075110648373,207.18383246377624,209.67590512914182,4290000
2022-11-02,207.1544952392578,215.35389175108153,206.9688092477634,214.68933214531953,2410200
2022-11-03,200.8412628173828,205.1413135145462,200.76307845065512,204.4278867602098,1553500
2022-11-04,206.18699645996094,206.46063428574908,201.26150068363103,201.80877633520734,2001500
2022-11-07,208.6693115234375,208.6693115234375,204.77971740693943,208.3370242230935,1715300
2022-11-08,205.0729217529297,208.55204448222366,202.64926573569318,208.14158769066992,1414100
2022-11-09,202.45379638671875,205.70814809918232,201.96515525713824,205.1804073284348,1147600
2022-11-10,213.9857177734375,215.6666294437654,209.1090742111112,210.11567368743303,2117700
2022-11-11,219.1946258544922,219.53668060148672,213.00844243166935,215.6373191167515,2213100
2022-11-14,214.01504516601562,219.64418555422836,214.0052627997496,218.13917745148476,1356300
2022-11-15,216.9273223876953,218.91120398079994,213.59478664103773,216.1650434953764,1596800
2022-11-16,216.23345947265625,218.7157646719434,215.5493648984153,217.26939115609918,944700
2022-11-17,214.00526428222656,215.02164617945112,211.63047555754562,213.35048696004526,1557500
2022-11-18,218.53005981445312,218.85256470995162,215.72526484591745,216.52662844600962,1447100
2022-11-21,219.54644775390625,221.83329951313976,217.60166565334092,217.95348785382734,1263500
2022-11-22,221.3739471435547,221.74530420411028,218.8232402467561,219.72233799610672,982300
2022-11-23,225.0583038330078,225.53717746354084,221.85281951599845,222.29260842116707,1095600
2022-11-25,227.45266723632812,227.99016052285225,225.28309953417534,226.3385661118829,413000
2022-11-28,222.10693359375,228.19539762918424,221.44237393199293,225.41013734636903,994700
2022-11-29,222.03851318359375,223.70967230939044,221.03191370908718,221.75510790652052,881800
2022-11-30,228.57655334472656,228.61563807483483,221.7648946162886,222.9474127440473,1819000
2022-12-01,235.3002166748047,236.97136072411337,230.3063045201018,230.3063045201018,1978900
2022-12-02,237.58709716796875,238.51551235732595,232.4074980692598,232.4074980692598,1192100
2022-12-05,232.4954071044922,235.98431138151966,232.24131912524635,235.04611399820777,1028200
2022-12-06,230.18905639648438,232.4661258461766,228.64496355214467,231.6452123286974,968200
2022-12-07,236.58047485351562,236.6293419455493,231.74293098503918,231.74293098503918,1170800
2022-12-08,242.20962524414062,243.65601368689636,236.39479893550583,237.13752806481622,1993800
2022-12-09,239.0725555419922,243.53872755720465,239.00413862839383,240.59711342748517,1251900
2022-12-12,243.50941467285156,243.83191960246435,237.88027432214432,238.45686726653827,1079700
2022-12-13,248.18081665039062,252.80335737305404,246.1773851180613,251.86517479316907,1716700
2022-12-14,248.0537567138672,252.69584681863114,245.72782047896325,247.6628349156546,1207300
2022-12-15,239.43414306640625,244.98509889885176,239.3266414260948,244.12510068850327,1421100
2022-12-16,234.39134216308594,238.21251886512883,230.45289637748715,236.66841131236143,3604000
2022-12-19,233.59976196289062,234.4304577938001,230.90246847208044,233.8343150581474,1377100
2022-12-20,233.17953491210938,234.27408618557544,231.22497054540986,233.462940183938,1345400
2022-12-21,236.05271911621094,237.26455432576842,233.2576916279566,234.54771119737023,1113600
2022-12-22,236.2775115966797,236.4045481370068,232.07519533339956,234.59658509136764,992800
2022-12-23,237.32321166992188,237.54799731815916,234.17636171603272,235.31978012852386,584100
2022-12-27,238.48619079589844,239.40483851425773,235.77911473667578,237.71414436510474,667600
2022-12-28,236.1699981689453,241.39844850766826,235.98431218219116,238.83797415257402,795800
2022-12-29,240.66970825195312,242.29705080615693,236.90526508157143,238.0326324769214,638800
2022-12-30,239.67959594726562,240.3070031691192,236.92487092151902,239.14041436007082,690300
2023-01-03,241.1892547607422,244.59098224354003,238.9933223206463,242.40486262270767,1083200
2023-01-04,247.52218627929688,248.3946746547585,241.9441364017165,244.09104986545972,1368300
2023-01-05,244.90472412109375,247.24769955945325,243.31658793275818,245.8850488226428,1408500
2023-01-06,251.2082061767578,251.5905471727252,243.40481492701917,246.85556208416818,1402100
2023-01-09,255.86474609375,258.982171452251,252.36497974292985,253.53156852653657,2396600
2023-01-10,258.6194763183594,259.76646946784723,255.62949772355736,255.86476609590858,2092600
2023-01-11,253.7178497314453,258.5508436369756,250.59061134148158,257.82541288523123,1590500
2023-01-12,251.3062744140625,253.13947704672836,249.9926277824442,253.11006849871754,938700
2023-01-13,254.70797729492188,255.03147129071482,249.1887443050149,251.07095102390113,752100
2023-01-17,251.35523986816406,254.4726651444014,250.37491519635597,254.4726651444014,1294100
2023-01-18,247.06143188476562,251.16897975940606,246.40461613929472,251.16897975940606,2007100
2023-01-19,248.3260498046875,249.21814888051316,243.9047907493107,245.52232053678398,1038100
2023-01-20,251.17877197265625,251.5414872904623,247.17904578153912,249.65926584027184,1157100
2023-01-23,252.42381286621094,257.5215135848093,250.84550436291633,251.45330092734375,1493800
2023-01-24,250.718017578125,253.53154440604348,248.81618545219695,252.4825898992118,941500
2023-01-25,247.97314453125,249.0024885188092,244.39496514816702,246.7477385838149,1178600
2023-01-26,247.44375610351562,249.73771226498073,245.93404771930636,249.18873283747465,1099000
2023-01-27,249.16912841796875,250.87489878936398,244.6008117036548,246.4830333417972,1041000
2023-01-30,244.6302032470703,249.15931324020394,244.3655263653438,246.90456358420295,1209700
2023-01-31,248.8162078857422,248.96326556480255,244.06164210081153,244.18907413904924,1727700
2023-02-01,273.4615783691406,274.94184827559644,261.74668660839063,264.31513245428573,4669300
2023-02-02,276.9220886230469,277.00050142321726,270.59898333223856,271.0009199862977,2020400
2023-02-03,277.56915283203125,278.4122177226563,274.55954879132514,274.8340385135212,1535300
2023-02-06,266.1385192871094,275.66727509844276,265.4130587773245,275.6280537396928,1790000
2023-02-07,267.0894470214844,268.33444848299,260.2467706000731,263.47204688411824,1851500
2023-02-08,262.9427185058594,267.5012228329516,262.3447048221909,265.7366501634767,1368200
2023-02-09,259.15863037109375,264.63867192002306,258.06067146401244,264.29555228227605,1132100
2023-02-10,259.1390380859375,259.6782346430207,256.6882262368417,258.38419880658523,1061100
2023-02-13,261.73687744140625,262.18784833575245,258.93316320931456,259.94289643573615,1087600
2023-02-14,259.4527282714844,263.5406653527019,257.4332618639644,260.36442302575483,799000
2023-02-15,260.060546875,260.5703049716781,257.0019384606576,257.5705136486009,999400
2023-02-16,258.0312194824219,260.4722479844598,254.21777249469906,256.02156609799067,1009700
2023-02-17,257.98223876953125,258.3057327408502,255.4235758732902,256.39411762151536,851100
2023-02-21,256.0804138183594,257.7273520987952,254.65893106710362,255.95296682336107,1022000
2023-02-22,256.5019226074219,257.80577106377086,255.44318521533953,256.3156585422292,1086400
2023-02-23,258.16851806640625,259.73704358403796,256.26668573781234,257.09015490321343,1036700
2023-02-24,257.1489562988281,257.2371819271865,252.3061501391524,253.9040841038447,1603900
2023-02-27,257.4528503417969,260.1193345403466,256.8058324939355,259.021375738085,787800
2023-02-28,257.7077331542969,259.87424212264705,256.59014876083,257.26657512169,1321700
2023-03-01,254.8550262451172,257.4725064890103,254.4629023288663,256.41373900628207,746100
2023-03-02,256.9333190917969,256.9431319131227,252.59048747805826,252.90419858910428,1395100
2023-03-03,266.1875915527344,266.51108557295686,258.4430316218233,259.864484630501,1383400
2023-03-06,262.1388244628906,266.2071660724036,261.6094407366496,265.16802426131267,714800
2023-03-07,259.4821472167969,264.37395789594444,258.4626011520758,263.08973493241217,897800
2023-03-08,260.36444091796875,261.3643613703539,257.6685479159842,258.2763444605989,677500
2023-03-09,263.0701599121094,268.00119234412244,261.06047616881824,261.678085565119,1869200
2023-03-10,259.4821472167969,264.23672799486536,255.70789113865445,262.48193840519974,1610300
2023-03-13,261.4624328613281,265.1484638777861,256.4823957774487,256.4922085994521,1430200
2023-03-14,270.26568603515625,270.93229956989245,263.2661541690301,265.32484177183966,2193300
2023-03-15,267.6580505371094,267.8933188906528,264.0406500157024,264.1190927449739,1535000
2023-03-16,269.79510498046875,269.9421476762461,262.55052227528506,264.8542908995657,1092500
2023-03-17,269.0403137207031,272.03029209617637,268.55015136950186,269.41284189435777,2433400
2023-03-20,271.38323974609375,272.157704539459,268.54030445350986,268.8736112199518,1135400
2023-03-21,272.64788818359375,273.23608895985177,269.9814039260738,271.83423188371637,1220400
2023-03-22,266.98162841796875,275.0006773802724,266.7953643293584,272.54986560080533,1453700
2023-03-23,268.8834533691406,272.1969555907389,266.47186302116114,267.75608596496846,826300
2023-03-24,271.2460632324219,271.6970042502019,267.36398551676086,268.75602993773254,854000
2023-03-27,272.6380920410156,274.7948183801786,271.2460476997581,273.69685948647236,861400
2023-03-28,271.9518737792969,274.61835811254815,270.8146935574699,271.7754225165483,824500
2023-03-29,273.53997802734375,274.29481721597057,271.8145971194731,272.7165089350782,1122500
2023-03-30,275.9286193847656,276.11538548833465,273.9823641969149,275.66322913126817,887000
2023-03-31,280.6075134277344,280.81392804152415,276.144836077107,277.80605224953126,1881400
2023-04-03,282.6618957519531,283.24184249270553,275.3682997941061,279.50658111242274,1247800
2023-04-04,282.2098388671875,285.17838848338545,280.5387829256367,283.37957202671845,1132700
2023-04-05,283.1239013671875,284.9620443222948,281.90503224139735,282.35718853035763,1317800
2023-04-06,282.7798767089844,283.85130690187003,281.36440214276934,283.16324815297685,1113400
2023-04-10,283.330322265625,283.4089764032197,279.6933633426204,281.18746198151393,1125500
2023-04-11,285.58135986328125,287.2229277140581,284.53941739432156,285.02106155513275,792900
2023-04-12,285.15863037109375,289.06100916064577,284.5884929169337,287.53739285872837,1126700
2023-04-13,286.6429443359375,286.7314377491166,283.8906491972314,285.6403289635018,920100
2023-04-14,286.7904052734375,287.1147711208025,285.3454428669152,286.2989218698281,1235200
2023-04-17,287.7929992675781,288.1370436241349,285.14881635249793,287.04593495022783,841700
2023-04-18,285.9647216796875,289.52305678345476,285.0898668072691,289.49356897864106,1076200
2023-04-19,294.2117919921875,297.0820682616823,286.64293559490363,287.3408636248156,2020000
2023-04-20,296.9542541503906,297.03287828951443,292.04922978543425,293.5630069440014,1336200
2023-04-21,298.3697509765625,301.33829991441326,296.75767102506643,299.47066899330804,1465800
2023-04-24,296.8952941894531,300.23737523693444,296.0007908212503,299.7852189181806,1393600
2023-04-25,294.38873291015625,298.2026490956104,293.4450931315985,296.21706685374005,1059000
2023-04-26,293.71044921875,294.9686454430659,292.23599911223465,294.38869866756824,848100
2023-04-27,293.1403503417969,294.8703814503357,289.32643448766277,293.76943347359685,1230500
2023-04-28,294.5459899902344,294.7720831491084,291.6364167172251,292.08857303720765,1337700
2023-05-01,294.7819519042969,296.3251871068712,293.57289184326555,294.496883109855,2422700
2023-05-02,288.8841552734375,294.2216583157252,279.47715488547027,281.79694235956794,2937000
2023-05-03,282.2491149902344,291.32187979409315,281.6691381521736,290.8500749058641,1851000
2023-05-04,279.7818298339844,281.72808479333236,277.11799835055245,279.69336642653803,1258100
2023-05-05,279.8604736328125,282.09182750249784,277.8159158556542,280.7746555695013,1501100
2023-05-08,283.35980224609375,283.61538318957537,277.79620707652714,278.3761838325452,758200
2023-05-09,278.8184814453125,283.7235053775461,278.73001804744104,283.17301646118824,782400
2023-05-10,280.73529052734375,281.58062747538514,277.6291122108482,280.53868519173466,902200
2023-05-11,280.2635192871094,283.84153322193856,279.4771577618435,279.88017779281734,1152500
2023-05-12,280.6075134277344,281.5904801570853,277.9240034574112,280.73530390219224,738500
2023-05-15,283.998779296875,285.5420143650191,280.75497087829666,280.75497087829666,1128400
2023-05-16,281.06951904296875,283.8807895905317,280.3322939695885,283.1828915871059,974500
2023-05-17,279.1429138183594,283.05510235982865,276.93123858843785,282.38669215647155,1013800
2023-05-18,280.4010925292969,281.46268337418627,277.95348502959183,279.16254487878984,1117300
2023-05-19,280.5092468261719,284.22486034100194,279.34935313584936,281.12852074493816,1036700
2023-05-22,281.29559326171875,286.65274376899004,280.84340698209496,281.68877394150036,1189700
2023-05-23,269.4901428222656,280.44037580432763,267.43574610475497,279.50657547696557,2163300
2023-05-24,267.91741943359375,270.45349048949737,265.6074415331436,268.3499272106042,1181800
2023-05-25,267.7601318359375,269.45083581513234,263.19918179763573,268.40889347888293,1159100
2023-05-26,267.9371032714844,271.1514242194826,266.7083946516732,268.43842598765343,1091700
2023-05-30,266.86566162109375,270.63044147105757,266.06946086909187,266.36436892398336,1365800
2023-05-31,270.8859558105469,271.1316974908299,264.477023587961,265.22408789530573,2669300
2023-06-01,273.8250427246094,274.7981701650993,268.8315550551015,270.46328338819177,1178900
2023-06-02,273.55963134765625,275.6140582293206,272.61599167799363,274.1690959236977,1411100
2023-06-05,273.22540283203125,275.29947807145686,272.3800659082521,275.29947807145686,858900
2023-06-06,271.83941650390625,274.6507167366914,267.8485742835058,274.0510914781669,1036200
2023-06-07,273.23529052734375,274.0708183311505,269.4213744329914,271.8984400416995,1187000
2023-06-08,272.0557556152344,274.20845566453977,271.0334915718656,273.2648157792105,963700
2023-06-09,275.85980224609375,276.1251924685588,270.64022122216534,272.05569573750785,1135400
2023-06-12,275.15203857421875,275.65333116852935,271.83941575708485,275.2208234415968,851100
2023-06-13,276.9410705566406,278.1402913128452,274.3067265996561,275.2307178379334,983900
2023-06-14,288.569580078125,294.8998888762111,286.0433481203472,292.2557056982326,2736000
2023-06-15,290.6141052246094,291.0072859136738,285.42404213477334,288.7464744532306,1088800
2023-06-16,289.3362731933594,296.10889860340666,289.00206809308816,293.189486112293,2431300
2023-06-20,292.7275085449219,294.1626617081034,286.0924824748339,287.59642051747653,1401600
2023-06-21,292.50140380859375,293.03218422038356,288.7661124049737,291.5380856575931,1469600
2023-06-22,292.8159484863281,294.1134416603527,290.7222247313465,292.609503892343,1083600
2023-06-23,292.80615234375,294.3887144774732,291.32186289086076,291.95097603568684,2412500
2023-06-26,291.7838439941406,294.2117730459474,288.884110104907,291.50861450638683,807000
2023-06-27,293.661376953125,293.838303805046,290.0538750397361,292.25574141102356,1044400
2023-06-28,295.16522216796875,297.22945811647713,293.474518343199,293.5334939419197,1272000
2023-06-29,297.37261962890625,297.8062103881191,293.6181410656737,295.1061470835577,684700
2023-06-30,300.6442565917969,302.457440694117,298.79164694491703,300.40776347019664,1069200
2023-07-03,293.6575622558594,298.831059577481,292.7115597374543,298.52557928432026,577100
2023-07-05,293.0367431640625,293.92362242096056,290.24799493138374,292.09074062822975,806200
2023-07-06,291.3713684082031,292.5341663288289,288.9373598399083,290.9476415499396,918700
2023-07-07,289.9819030761719,291.617717257106,288.2672678828611,289.9720692451734,979500
2023-07-10,290.9968566894531,293.0366997289798,289.8439228482416,290.7111042412505,688200
2023-07-11,292.0906982421875,292.9874412730721,288.58257719437194,290.7012412430943,848200
2023-07-12,293.6871643066406,295.4806508424137,292.1794603683634,293.7364236873307,1094600
2023-07-13,295.2737121582031,295.69743905505214,292.1006322385986,293.34225128687433,789300
2023-07-14,298.0229797363281,300.4569880740378,295.2736572972695,295.2736572972695,1311000
2023-07-17,294.2685241699219,297.924453873291,293.16484954798995,297.1164257147981,1212900
2023-07-18,292.3174133300781,295.0962977861922,289.1640313020579,292.9776333327785,1124800
2023-07-19,290.1888732910156,293.3126634795888,287.2621506757112,291.68671315394823,1411700
2023-07-20,291.7261047363281,293.51956078681724,289.86363143755574,291.38119893216196,1390200
2023-07-21,291.2826843261719,292.57359271297577,288.96692230954244,291.3418076055004,2965000
2023-07-24,286.4934997558594,291.8640644337873,286.10916839217305,290.632279405885,1226700
2023-07-25,286.6708679199219,287.58730875787614,282.7882791286597,285.3700957205101,1269400
2023-07-26,285.8923645019531,287.27195767750294,283.80326196856686,286.86792859164984,1173000
2023-07-27,277.90057373046875,286.2668482434186,277.72317382625636,286.2668482434186,2359900
2023-07-28,278.87615966796875,280.48241232506695,276.7969207570167,279.59553302621117,1864300
2023-07-31,279.2801208496094,280.26554873585496,276.77712559814125,279.8516557915679,1588500
2023-08-01,275.2004699707031,278.2060434497806,274.0770976753854,276.0085281576978,2230500
2023-08-02,270.5690002441406,275.6833744815924,269.6328315213396,274.04756022920697,1960900
2023-08-03,271.6036682128906,273.57452426850745,267.8984492050105,269.33719577808205,1921600
2023-08-04,279.5758361816406,288.2377587892532,277.90062622556974,279.8616187902492,2792800
2023-08-07,282.0985107421875,284.3157241195199,278.4721423025308,280.84702779544153,1233300
2023-08-08,278.21588134765625,281.6353178007808,275.3384483525561,280.84698740913393,976600
2023-08-09,277.89068603515625,279.58562333729276,276.6293394433018,277.89068603515625,878700
2023-08-10,278.8860168457031,283.52737478697117,278.0779585843538,279.10281223111684,880600
2023-08-11,277.99908447265625,279.28015894323676,277.66404255437794,278.6987600197941,625100
2023-08-14,280.6400451660156,282.3251186053492,277.2600043112712,277.8906926586683,1318500
2023-08-15,280.7090148925781,281.94079993315756,280.0389310479934,280.4232624156351,724200
2023-08-16,277.5063781738281,281.7437368241306,277.48668043910317,280.9455425110477,748400
2023-08-17,273.8800354003906,278.77761445316327,273.6139806291503,278.235641005973,1055700
2023-08-18,273.8603515625,275.2498089174759,272.58914077852097,273.5844328725469,993000
2023-08-21,272.21466064453125,275.890318444773,271.24896031087314,274.53042279554467,1176000
2023-08-22,271.4657287597656,272.47085453978866,270.06640770329994,271.47556259066255,1052400
2023-08-23,271.9387512207031,274.8359124660208,271.37708001537607,272.75667344817464,969600
2023-08-24,269.4554748535156,274.264369021323,268.9135014019546,271.43619505180754,1029600
2023-08-25,274.06719970703125,274.8259984282828,269.11049862773336,270.5295171938786,907300
2023-08-28,274.2545166015625,277.89074902118085,272.09642646397174,276.4323044766762,890800
2023-08-29,280.8666687011719,281.2313023106612,274.136208909687,274.136208909687,1158400
2023-08-30,282.9558410644531,284.8379822845929,281.201750164119,281.46783499963806,1055600
2023-08-31,279.4180908203125,284.93649350551703,279.36883145061773,283.1036119034667,1049800
2023-09-01,280.3050537109375,281.3101796135294,278.8071836527053,281.3101796135294,657400
2023-09-05,282.1181945800781,285.5967542669728,279.9798025573929,285.5277670884948,1289300
2023-09-06,284.8872375488281,285.75441899054755,279.2012988073671,282.1674466766856,1253500
2023-09-07,284.8083801269531,287.823787299411,284.5324614991751,285.77411036061363,1311100
2023-09-08,285.32086181640625,285.48836775337014,282.96567421151184,284.11863832592076,1052900
2023-09-11,295.3525085449219,297.18539035862597,286.86795704617253,287.19316515691276,2101700
2023-09-12,290.47467041015625,296.8503923024208,289.1542001821591,295.4707987860718,1146700
2023-09-13,292.98748779296875,293.36195527992425,287.7253053857279,289.3709534600276,1433400
2023-09-14,290.70123291015625,295.08639913066213,290.20851895607126,294.3571620290626,1390100
2023-09-15,288.5037841796875,292.672156015847,288.37570378339143,290.70129974638,2132600
2023-09-18,288.9471740722656,290.27750777040086,285.48831247168874,288.12928213591863,1042300
2023-09-19,289.4300537109375,289.912933887586,286.95664984416214,289.22312224830324,683900
2023-09-20,284.7591552734375,291.35167157597607,284.7098958982787,291.01662963541196,834400
2023-09-21,280.3050537109375,284.2861618471586,280.1572154278049,283.2613382074935,961900
2023-09-22,281.1229248046875,283.5470694899275,279.270315180582,279.6644804026966,953400
2023-09-25,283.19232177734375,283.64561026627126,280.0291061130539,280.6893260749669,922000
2023-09-26,269.5638732910156,281.27076517123317,269.31751623990965,280.60068120971664,2661700
2023-09-27,262.656005859375,270.9138978869827,259.315390271403,270.00729083168585,3033000
2023-09-28,270.1861267089844,272.3799510865747,263.33784810135546,263.4069997859773,1577400
2023-09-29,270.04779052734375,272.7357194965428,267.4290434075466,271.9550563083921,1342800
2023-10-02,270.6110534667969,272.2712367632088,266.7669374950668,268.21960541886097,1159600
2023-10-03,262.73504638671875,269.8798062571664,261.509677229872,268.9311343343734,2002300
2023-10-04,263.0611877441406,264.70158777043423,258.7822268636999,263.81220590523907,1085400
2023-10-05,261.6875305175781,265.65025685945494,260.21510927773187,263.4959692376465,1044800
2023-10-06,262.71527099609375,264.1778004713242,258.0706783599951,260.3534378885767,1523200
2023-10-09,263.6540832519531,264.2470145353336,259.5233779020407,260.96615423733425,715700
2023-10-10,271.2039794921875,272.88394623038414,262.7548077481455,263.78252301228696,1360800
2023-10-11,256.9836730957031,267.80457095956285,251.7857005047332,267.80457095956285,3069100
2023-10-12,250.85678100585938,258.82174060345505,249.9377390867464,257.45800779135675,2358300
2023-10-13,254.83926391601562,255.5309919101111,247.03240615294658,247.05217454899355,1698900
2023-10-16,260.9759826660156,261.9740829149512,255.39261059725527,257.56668138967035,1699700
2023-10-17,265.640380859375,268.40735318362306,257.4283688938448,259.24666930088443,2174500
2023-10-18,266.99420166015625,268.98051066619047,265.0474294436719,266.9052665019698,1737800
2023-10-19,265.2549743652344,269.9687186847675,264.3359174172694,266.9349109455917,1157000
2023-10-20,262.55718994140625,265.67993326672564,260.8673613925577,265.620643153274,2142100
2023-10-23,260.4621887207031,263.66397543553575,259.72103215465944,263.40703150883115,2118200
2023-10-24,261.9345703125,263.07100417619927,258.5549137732297,260.5313309823531,2906200
2023-10-25,256.0053405761719,261.53931526647466,255.4223010685527,260.89698565013055,1943800
2023-10-26,255.53097534179688,257.7346914526727,252.21060880686025,252.991302071982,1882500
2023-10-27,258.82171630859375,258.979833302461,254.93806377450363,258.73278115411836,3783600
2023-10-30,259.4838562011719,261.6282825894407,255.28396875639334,259.8396270549895,1847400
2023-10-31,267.03375244140625,268.397485253856,261.7270766207537,262.339761181075,2719000
2023-11-01,268.8421325683594,271.1051386644489,265.3834025326671,268.3480282775462,1492000
2023-11-02,274.9493103027344,279.0009417411091,269.09910168157137,269.09910168157137,2989800
2023-11-03,272.9630126953125,274.66273289286477,264.8399358448078,271.1150672219317,2791800
2023-11-06,273.57568359375,276.00666846898594,271.8463184275089,273.33852316428363,1263100
2023-11-07,271.75738525390625,274.316842099733,270.15649202783,272.7554856647686,1363900
2023-11-08,271.53997802734375,275.71021983473776,270.6407045157646,275.0579984914693,1486600
2023-11-09,267.64642333984375,274.8405810031986,267.3796178649235,273.1705059958364,1592200
2023-11-10,270.3936462402344,271.984677850242,263.78252795294264,268.45676572859156,1468800
2023-11-13,278.5167236328125,281.87662702737936,273.3385199324534,274.33659016648045,2128400
2023-11-14,279.69268798828125,284.8511382550993,279.2677655142565,282.7462490431025,1400500
2023-11-15,280.2955322265625,284.24836705593566,279.69270923306016,279.69270923306016,1058200
2023-11-16,288.11224365234375,289.25856939999767,279.0207414157151,281.066340728108,1900900
2023-11-17,284.9796447753906,289.31786551538363,283.25027945909693,286.728763409942,1325900
2023-11-20,285.87890625,287.0746303453099,283.1119037664876,284.0902508969562,857700
2023-11-21,290.1973571777344,290.3356907073796,286.00736213199843,287.67740701343826,1076400
2023-11-22,290.5827331542969,292.9643195515752,289.5747712169245,292.11447461260644,744500
2023-11-24,290.1776428222656,291.67970932240223,289.34752090199817,291.11642307569895,382500
2023-11-27,290.49383544921875,290.8990046552894,288.25061244548596,289.4562283257304,995500
2023-11-28,288.5964660644531,289.42655772151807,286.2741696774491,289.2190423466856,1069600
2023-11-29,290.8990173339844,292.63827445872874,288.08261624467326,290.5333849061095,1131100
2023-11-30,292.83587646484375,292.88530499544134,287.1734598052876,290.74087880556567,1423600
2023-12-01,294.2787170410156,295.17799069864,291.1065449711651,293.00391920133495,1110400
2023-12-04,287.5193176269531,295.16804289678834,286.6595507724057,292.2725988017623,1584700
2023-12-05,287.0845031738281,287.5687157595117,282.9241230638759,287.3019102820863,1216400
2023-12-06,284.4755859375,288.6754722081834,283.26997031937105,287.9837443288272,1383900
2023-12-07,285.96783447265625,286.37300365297597,283.3885941193372,285.3749032293168,1434400
2023-12-08,285.691162109375,286.4323186886153,283.02298636101455,285.4441099162949,1078900
2023-12-11,289.5747985839844,289.73291559733127,284.594218215636,284.594218215636,999700
2023-12-12,291.05712890625,291.33382615657143,287.3019476293538,290.51362614382026,951700
2023-12-13,295.00994873046875,295.29653770416866,290.5827627967506,291.76862532688097,1504700
2023-12-14,293.5968017578125,297.0159953103241,292.7667100943104,295.47439219842937,1860500
2023-12-15,286.728759765625,288.7644673565979,282.4201841366494,282.80556986307295,4139900
2023-12-18,288.033203125,288.91269322301434,285.09822195609223,287.95415969507525,1416000
2023-12-19,288.53717041015625,288.89291104588705,286.24451912077654,287.6280051892869,1433800
2023-12-20,284.91046142578125,290.3752545902058,284.75234440733783,288.80400630145493,1162400
2023-12-21,292.5393981933594,292.5986882982692,285.49346586847787,285.928280076306,1046200
2023-12-22,293.9920654296875,294.90123063252,290.7606340883034,294.11064563924526,1068700
2023-12-26,295.5436096191406,296.8183772427534,292.5394464578871,293.1224860241825,539200
2023-12-27,295.4842834472656,296.4626003780379,293.94268033791866,295.2273395431294,1029800
2023-12-28,296.3859558105469,298.61539018959087,293.2350291454381,294.5726958205923,788500
2023-12-29,296.7228088378906,297.59477012844707,295.42478517446904,296.87143173090925,1150900
2024-01-02,293.52239990234375,297.1984811740755,292.174814894038,294.8798729460521,979200
2024-01-03,291.2532958984375,292.37297217171397,289.75708810969064,292.37297217171397,1355400
2024-01-04,295.3257141113281,297.15881055825895,290.2822419929674,290.9362130072656,1419000
2024-01-05,292.6305847167969,296.56429897326126,291.73881702592837,294.78076359152425,807300
2024-01-08,297.2381286621094,297.594823669528,291.6496649700907,294.28535562214483,1126300
2024-01-09,300.4781799316406,302.63824664716594,295.7914030405325,296.76245635457997,1343100
2024-01-10,304.9667663574219,305.3928287279803,301.2213182804537,302.2121778800605,1302700
2024-01-11,306.1657409667969,306.6908954187318,303.30217204621243,305.3631469975876,920100
2024-01-12,310.03997802734375,314.3601418197228,307.76101293081166,309.33647614359217,1646600
2024-01-16,311.4173278808594,311.5659507997293,306.77019310613525,308.0682169953338,1599800
2024-01-17,310.8128662109375,312.1802574473157,308.6924421581169,309.931016794164,1466600
2024-01-18,311.8433837890625,314.9150550820768,309.98056260857743,312.9630601521396,1472700
2024-01-19,312.17034912109375,312.9333304739397,309.59413798693623,312.2000737037605,1905200
2024-01-22,310.4066162109375,314.3106059596854,309.77248170889277,313.874625260125,1868500
2024-01-23,309.32659912109375,311.67493196346965,304.7091889138061,311.12997117947145,1366800
2024-01-24,304.93707275390625,310.1390861802523,304.54073492153134,309.1680327880913,1420600
2024-01-25,309.0590515136719,309.2373990017397,304.42183539207946,306.24501360470623,1200700
2024-01-26,308.5140686035156,310.852513272105,307.7610357768843,310.3868079931045,907400
2024-01-29,311.6253967285156,312.0613774450967,307.89975432814686,307.89975432814686,1427300
2024-01-30,313.745849609375,314.22144294248886,311.1794962153405,312.26944800146015,2006400
2024-01-31,332.41363525390625,339.66670554299975,330.64990613265707,335.90145064012955,4931900
2024-02-01,337.4471435546875,338.7650037586578,330.8678515231228,332.50276381829195,2004500
2024-02-02,338.9235534667969,339.7459839639974,335.5348301746696,337.8831628613596,1159600
2024-02-05,339.7757263183594,343.4220830035142,337.56609815211846,339.31993929237507,1539600
2024-02-06,336.6643981933594,341.7871562814192,335.80235506998247,341.34125730929503,1314400
2024-02-07,339.58740234375,341.10341631783945,335.1384524289234,337.62548945549037,823900
2024-02-08,335.93115234375,338.784833028416,333.9989638939048,337.6057076033125,1445700
2024-02-09,338.8343505859375,341.1826830707029,334.5439416933165,335.7626796854101,1402300
2024-02-12,337.9723205566406,340.83591951193665,336.75355227899325,340.5882045949167,845000
2024-02-13,336.694091796875,338.32903438514234,333.2260830752059,336.7931838080785,1548100
2024-02-14,346.2262268066406,346.48382977911007,337.05085585437536,338.1705322089473,1904500
2024-02-15,345.6019592285156,349.33748936835667,342.73836021412336,347.8710061434255,1516100
2024-02-16,346.1072692871094,349.65456382552605,344.83897012399615,346.4540762179857,1343100
2024-02-20,344.8885498046875,348.7429783892385,344.21477245273786,348.48537542445706,1161900
2024-02-21,344.3832092285156,347.0684306603184,342.8771133078188,345.701069617935,1177600
2024-02-22,349.922119140625,351.57686824929243,345.5028930659179,346.8009169359297,1326900
2024-02-23,351.7849426269531,354.13327544162394,349.14925201241346,350.36802041436175,691500
2024-02-26,349.2384033203125,353.350465050252,348.4853705064356,352.1020023836441,1224100
2024-02-27,348.9906921386719,351.0913098986091,347.39542251030707,348.10884271544035,903900
2024-02-28,348.58441162109375,349.030310557573,345.3542297350553,348.39614586912575,1289400
2024-02-29,345.8794250488281,350.536447796068,344.095859330588,349.1690867223162,2283300
2024-03-01,349.9914855957031,351.2994277360234,343.90759215546933,345.6317086999424,1400400
2024-03-04,352.59747314453125,353.57841469038254,348.8817488179526,349.7735166086031,714100
2024-03-05,349.1690673828125,354.4106934718092,346.7117244184858,353.74683440039064,840000
2024-03-06,351.75518798828125,353.7468256304382,349.47622280944614,349.7734686193332,892300
2024-03-07,354.35125732421875,356.4915180029947,352.41909896380463,354.1927161363124,804100
2024-03-08,354.5989685058594,356.9869440957086,352.38937064966575,353.85582370465215,871200
2024-03-11,352.33978271484375,358.10659319076467,351.1309327206332,354.5989415290985,1119900
2024-03-12,355.1142578125,357.0364980026545,350.5265721057956,351.9236880507642,737000
2024-03-13,353.6279296875,356.362681872788,352.5478660141498,356.34287556487476,1105200
2024-03-14,352.3893737792969,354.9457786131523,349.93203072890407,353.3009478099022,961200
2024-03-15,349.0105285644531,350.99224799595265,347.5836881546823,350.14009291631567,2075200
2024-03-18,350.8436279296875,352.66683658858454,349.3969810751034,350.784178760228,953700
2024-03-19,353.6279296875,353.71710343106656,350.32834998234785,351.7056594675865,1052100
2024-03-20,349.9617614746094,353.64776099579046,348.3070123684165,353.64776099579046,1179200
2024-03-21,350.27880859375,351.62636321876926,347.79174116715944,350.72467729821796,1537600
2024-03-22,349.3969421386719,351.7056621704208,345.62176910548624,350.1797297675112,1105400
2024-03-25,347.8215026855469,351.0021540697467,346.6522954181469,350.0212125771057,792500
2024-03-26,347.17742919921875,349.7635585215987,346.8008976721354,347.96021683506893,785800
2024-03-27,356.2446594238281,356.6121116488868,349.4715547636967,349.5708432402137,1404700
2024-03-28,355.4104309082031,357.0292331148345,353.2454208574934,356.73130707403493,1074800
2024-04-01,352.232421875,354.69535782571154,350.9612203271966,354.5761874162043,760800
2024-04-02,346.9787902832031,351.418070134505,346.05518924964355,349.86879410794137,996900
2024-04-03,348.587646484375,352.4409848617183,347.81300848227875,348.4485941288987,905900
2024-04-04,344.9925231933594,352.1529616449884,344.4462850619444,351.7954504094465,888900
2024-04-05,348.6075439453125,349.2531009551214,345.79700694105856,346.085022352524,686600
2024-04-08,347.34625244140625,348.5777205213894,345.0223383350648,348.0513642961219,786500
2024-04-09,348.498291015625,348.8558022820493,345.0322865710437,348.6968982832478,946500
2024-04-10,344.94287109375,348.5876614016894,343.41347696508404,345.7175091289958,646000
2024-04-11,343.9100341796875,347.01852723368506,341.7847273769251,346.7603044574667,822200
2024-04-12,339.69915771484375,341.75493835976596,336.9779987966115,340.5433219239403,1056800
2024-04-15,336.79925537109375,343.9497535186442,335.6472241028455,343.4134866153692,1087800
2024-04-16,335.33935546875,339.08343434175174,331.89320265169687,338.79544925694773,1239300
2024-04-17,333.7205505371094,337.0673845397302,332.2904448642034,336.28280552149346,1066100
2024-04-18,325.1995544433594,334.7137008740653,324.34544918444146,333.76030712899666,2143600
2024-04-19,323.1933898925781,328.1093818453971,322.4485444638382,328.1093818453971,1883900
2024-04-22,325.42791748046875,327.1658901010746,321.52493481207495,325.4577100845085,1688600
2024-04-23,332.6082458496094,332.8167940827264,324.7526057852638,326.2919408760955,1430500
2024-04-24,334.534912109375,340.2453936583579,331.90313102228083,332.9756950908151,1515700
2024-04-25,334.8328552246094,335.5479080760333,331.0391017543371,333.53186091696637,1615300
2024-04-26,333.3034362792969,336.18352967547025,332.1414943187958,332.8863397885979,1063800
2024-04-29,336.5410461425781,338.0804116552763,332.3699296320726,332.3699296320726,1507400
2024-04-30,334.18731689453125,338.07044804724484,334.008561264873,335.32940716113217,2480500
2024-05-01,325.8648986816406,333.42261258833963,318.5058223421403,331.28736481838496,2766900
2024-05-02,324.3851623535156,329.4004429021999,320.2934828843742,329.4004429021999,1847000
2024-05-03,326.1926574707031,329.4799062444333,324.45468478274984,326.3912647360518,1589300
2024-05-06,323.262939453125,328.7251396589382,322.35918996394963,328.0299384186986,1722200
2024-05-07,329.8572998046875,330.1055816175201,324.3851589513479,325.6762122549422,1331200
2024-05-08,327.0169372558594,333.09487113177903,325.3484907620458,329.65865935831664,1214000
2024-05-09,328.5860595703125,330.4630845759213,327.0268728588621,328.1391705031469,980400
2024-05-10,328.3079833984375,330.5326089829135,327.8809459672681,329.51959982042894,1307900
2024-05-13,322.3293762207031,329.0429260955807,321.28660473656214,329.0429260955807,1609600
2024-05-14,322.0711669921875,323.77934713782935,320.28354999904957,321.8626187481506,1712600
2024-05-15,329.70831298828125,329.93674317142467,322.0711618499537,323.6701125162794,1989200
2024-05-16,331.68463134765625,332.6976101752791,329.0727019767278,329.71822859161995,1168500
2024-05-17,332.37982177734375,332.67777813796226,328.1888235571535,332.3003849325486,940500
2024-05-20,327.4638366699219,333.02532464350224,326.9473911382063,332.6479617728807,1217800
2024-05-21,328.2384948730469,329.1521549644697,326.3217362595707,328.0795908771824,1256500
2024-05-22,333.11474609375,333.9489693231769,330.1750676953835,331.27745467173037,1611500
2024-05-23,327.8511657714844,333.3034247228847,327.6028839568255,332.489083404761,943300
2024-05-24,333.23394775390625,334.5349421119002,328.41727421469494,328.41727421469494,1230600
2024-05-28,336.9779968261719,337.5540275899773,333.46231795788475,334.6838753573995,1872400
2024-05-29,338.79541015625,342.48981405499313,333.88935961558303,334.37598222008376,1918900
2024-05-30,338.1796569824219,340.1957039488447,336.59067773806134,338.19953892307,1347100
2024-05-31,338.7457580566406,339.877937629266,335.03147197182454,338.1796682703279,2175300
2024-06-03,337.0574645996094,338.79543724933603,334.564705557779,337.0475236288171,1218300
2024-06-04,339.6495056152344,341.46691507299033,336.20335298629846,336.67012398703054,1729900
2024-06-05,343.6120910644531,344.52578147930313,339.1629003356915,339.64952299469013,1121600
2024-06-06,347.22705078125,347.5349177735465,342.15215527769675,344.0589727437665,1050400
2024-06-07,346.9291076660156,349.14379220874144,345.8267510337708,347.41576059805,847200
2024-06-10,345.7771301269531,346.2736937550536,342.39056254636705,345.6976629740674,898300
2024-06-11,344.0192565917969,346.0353035988435,338.7060200013741,345.52882933532845,1129000
2024-06-12,344.0292053222656,347.52500224012203,342.7480627170385,345.6877108140505,835100
2024-06-13,340.6625061035156,344.96276416584806,339.371452772396,342.85733919739374,939200
2024-06-14,342.60906982421875,342.69844764505,338.66635319684866,341.25840092447515,746500
2024-06-17,342.3309631347656,342.82752674226725,339.391284756713,340.8511829750813,815800
2024-06-18,346.273681640625,346.5318741088741,342.0925942166508,342.62889140243175,839600
2024-06-20,339.00396728515625,346.6013841131758,338.32864807996253,345.7473092903431,1670300
2024-06-21,340.2851257324219,340.92071139412485,337.07731389606204,340.92071139412485,1838000
2024-06-24,336.7396545410156,343.4531739544714,336.6899799951978,340.58305204208403,1040800
2024-06-25,337.2163391113281,338.4180448822975,333.9588830064599,337.48450286067333,892400
2024-06-26,338.1697692871094,339.42108901163624,333.8099261158294,335.8359141901735,1140400
2024-06-27,338.1995849609375,341.39745613345747,337.117079822529,339.0238672984601,723400
2024-06-28,338.7072448730469,341.20587379977513,336.54707067923226,339.453844237205,1894400
2024-07-01,334.9742431640625,343.37597698312015,333.9688129803224,339.6529445961937,778900
2024-07-02,332.7842102050781,336.15885390402605,330.50461535900075,333.8891930582508,844100
2024-07-03,330.5145263671875,333.19233165683033,330.2557259308379,332.48555948266994,522400
2024-07-05,335.7208251953125,335.810413467577,328.70280378842637,332.7145295578012,1007900
2024-07-08,332.5950622558594,335.6810122968539,331.9878427027993,334.7452720190193,586000
2024-07-09,334.0484619140625,335.1335159779453,331.28106823739864,333.7597683292407,789600
2024-07-10,335.8104248046875,335.86021632154024,332.2367062763135,334.67560960515493,729600
2024-07-11,336.5570068359375,338.3787261440737,335.03394547594337,335.3923289378732,852700
2024-07-12,337.8312072753906,339.44385693238434,334.6755978550273,336.5371139499325,835700
2024-07-15,327.0702209472656,337.0447767207706,326.3335860213639,336.9950155854758,1363400
2024-07-16,331.91815185546875,332.2466725793023,326.5227442732343,327.40869303124776,1336400
2024-07-17,333.1226806640625,342.92799421901873,329.77789987155086,331.3009612881826,1246300
2024-07-18,329.7281188964844,335.55156901139907,328.6729276715431,329.4394253336751,920400
2024-07-19,339.4040832519531,339.8420906427944,330.4647892578633,331.8584353290829,2421800
2024-07-22,340.8375244140625,342.62935056869185,337.84116285827594,340.56872922542595,1136600
2024-07-23,340.1805419921875,344.50085995959836,339.24480170098917,341.2755300791933,1245300
2024-07-24,338.87646484375,341.0963340292056,336.38780046242033,340.5787027744024,1481400
2024-07-25,325.955322265625,342.57961318975185,325.38789947160416,337.9506729407669,1695400
2024-07-26,330.1661376953125,332.5552494124235,323.86482250404816,325.51729928967757,1680000
2024-07-29,331.76885986328125,336.9850912366634,328.5833569667261,330.75349562486775,1719100
2024-07-30,328.72271728515625,334.5561322839327,326.9906165166413,331.28107167900566,2427300
2024-07-31,325.9653015136719,332.90369963478935,318.5490688527609,329.00146017449214,3543100
2024-08-01,331.65936279296875,334.3769650567129,322.62051607569043,328.6431025537409,1630500
2024-08-02,330.0566101074219,332.06743991564974,322.5408561092053,331.49008316767237,1738600
2024-08-05,314.5074462890625,329.2303929944879,313.50201617682893,329.2303929944879,2403300
2024-08-06,321.20697021484375,324.8304500104502,314.57716419351345,316.3689905217839,2477800
2024-08-07,318.15087890625,322.9689297804549,317.62328324219385,322.05308786853567,1350600
2024-08-08,324.5118713378906,325.8159290449438,319.32550326712175,319.4847814332234,1019300
2024-08-09,326.3435363769531,327.0005474434714,320.5698469500302,323.90466342041026,793800
2024-08-12,323.7254943847656,326.0847434997766,322.2621584251859,325.6467361119292,774100
2024-08-13,327.498291015625,328.60327387508767,323.89470960112897,324.43226965111637,913900
2024-08-14,331.1715393066406,331.4104717451396,326.7516689344576,327.687409172302,909800
2024-08-15,332.6548156738281,335.9199422426228,331.47020895601736,332.76430232846707,1257600
2024-08-16,336.3579406738281,336.79591765994036,331.74892933825214,332.73443072061184,838700
2024-08-19,339.5135498046875,340.4293916710864,335.4022713536476,335.4022713536476,1062200
2024-08-20,341.37506103515625,342.46011505295195,339.41399230007863,341.00674356975446,772100
2024-08-21,343.7542724609375,343.87372350151657,340.986878630431,342.4302858763705,666800
2024-08-22,349.1297607421875,349.338800050508,343.9831892755578,347.0890680380574,1143400
2024-08-23,351.6881103515625,352.39488254200904,348.55239925224146,349.8564569804645,966100
2024-08-26,352.6935119628906,354.2464361416955,351.32972871168937,351.936978631681,884900
2024-08-27,356.88446044921875,357.5016443962535,352.6636647192933,353.19126038813323,1131400
2024-08-28,354.5351257324219,357.47176188756947,351.9967001861924,357.451833129601,1504900
2024-08-29,356.30706787109375,357.6409884027109,354.28627350450273,356.6654513576566,1107800
2024-08-30,358.7857666015625,359.1839468119821,354.38579477153854,357.5314700784981,1307600
2024-09-03,357.9893798828125,360.60745960549315,356.16769096925316,358.4074888550016,860600
2024-09-04,358.66632080078125,362.7079095771808,355.17225644986195,358.47717986569603,806300
2024-09-05,356.3767395019531,358.6662985817087,352.574053035253,357.6111073140783,1213800
2024-09-06,357.2925720214844,359.42285287960055,354.10706954411825,357.04370558979025,1001300
2024-09-09,361.13507080078125,363.95222556283903,359.2237631556618,359.5821466300236,1439200
2024-09-10,363.394775390625,364.30065290728015,361.1350789782249,363.30518711480704,921000
2024-09-11,364.68890380859375,365.027358536855,356.83466402359596,362.7576977161813,1143900
2024-09-12,366.1223449707031,367.2173633364672,363.0562935465636,364.53955812440887,1487400
2024-09-13,368.57122802734375,372.5431270158669,365.2662741406534,365.2662741406534,1114100
2024-09-16,370.2734680175781,372.9313751964477,368.33232784306614,371.3087610048419,910100
2024-09-17,362.2997741699219,371.7865616126293,359.1938954916243,369.5069365244443,1399100
2024-09-18,359.72149658203125,364.18119417455256,358.02922299812246,361.50338881906873,938900
2024-09-19,363.394775390625,365.03731825156973,360.97580080592456,363.98212694188464,994000
2024-09-20,363.1558837890625,364.9278117355689,360.95591283046434,363.1658481686201,1751600
2024-09-23,364.8680725097656,367.0680433857182,363.9024694843413,364.947696405617,723100
2024-09-24,359.3631286621094,363.91241434089056,357.7405146609404,363.91241434089056,1273600
2024-09-25,357.86993408203125,362.1603889977132,357.1233347758796,361.6128949915501,854900
2024-09-26,359.7115783691406,361.8518237958056,356.68535378500087,360.3586250731269,1431800
2024-09-27,358.6364440917969,362.478957783366,358.1387112039235,361.34411221699645,814400
2024-09-30,360.4223327636719,360.71163840016686,356.01256830758297,357.8982004565421,790700
2024-10-01,356.4415588378906,361.16060197370416,354.53598405231213,360.85132323096354,738900
2024-10-02,354.28656005859375,356.1123337240887,350.4853970822008,354.13691396637637,830100
2024-10-03,350.794677734375,354.4661677487407,349.90675728450105,354.1069866786463,850800
2024-10-04,350.40557861328125,353.6081266152486,347.0034822003723,351.57287896834544,676900
2024-10-07,344.3396911621094,349.09861934807327,343.1524481425674,349.09861934807327,1096100
2024-10-08,349.9765930175781,350.90442921665147,345.7563906248054,347.03342132959415,923200
2024-10-09,353.13922119140625,353.66799099780127,348.2406029544795,349.85687203794134,861400
2024-10-10,352.55059814453125,355.1745045524624,350.9742752568796,354.1768233598993,740900
2024-10-11,354.77545166015625,358.0378583230838,352.1116293780852,354.1768368324848,787900
2024-10-14,358.8758850097656,360.0731145920711,354.0570983569529,355.72320886005343,698600
2024-10-15,358.1476135253906,364.1735861423488,356.2619814145495,358.1874988522847,976000
2024-10-16,360.4721984863281,361.50979547829,355.314203638819,357.5589863796085,796000
2024-10-17,358.8958740234375,363.68473167124944,358.20747155012754,361.769170344036,820700
2024-10-18,368.70306396484375,370.3093465384604,359.38472515666496,360.31256137078617,1589600
2024-10-21,366.3984069824219,370.10978212534434,365.3608100481605,366.59795539367656,906600
2024-10-22,365.1712646484375,366.4682684864186,362.2480660173766,365.5304457155204,893500
2024-10-23,362.397705078125,366.11906687116243,359.99328976081705,363.87428419759266,1313400
2024-10-24,359.0654602050781,365.3907554019932,359.05550409684463,363.6547998453007,708100
2024-10-25,352.00189208984375,360.76153190250034,350.47544105524366,357.6587275046733,1244500
2024-10-28,355.1844787597656,355.6932754464517,353.3287759737666,355.04478878319236,967700
2024-10-29,358.17755126953125,361.5197590619188,352.63044601778137,353.17915852037225,2173500
2024-10-30,362.5872802734375,372.86341515842895,357.0701043173808,364.8420495847871,2242800
2024-10-31,355.453857421875,363.16594407399685,354.73552573858024,359.89355094939054,1383900
2024-11-01,366.29864501953125,366.9072463814303,356.95037708456545,357.32950081053303,1860500
2024-11-04,366.0492248535156,368.8327639164557,363.28565890046355,367.1466802588696,730100
2024-11-05,369.0023498535156,369.4313759042529,362.20814339393013,365.39074882176106,1346500
2024-11-06,368.164306640625,375.1680481729856,363.7745154359482,373.13276999336836,1366200
2024-11-07,368.972412109375,369.4812392468554,365.27102350978436,369.4812392468554,867000
2024-11-08,375.0882263183594,376.9538853450424,369.97011674225416,370.2494662684931,1009200
2024-11-11,377.9814758300781,380.6552845220803,375.26781225954363,376.5947148273951,966200
2024-11-12,386.21234130859375,387.22000902858895,379.67754185420154,380.5355634887551,1634100
2024-11-13,387.43951416015625,389.6842968636661,384.44647055547654,385.77340360376706,1685900
2024-11-14,382.3912353515625,391.7894053138147,381.5132710556801,388.6367291816973,1811800
2024-11-15,389.17547607421875,391.1010239643071,379.3283673252287,381.1042386751834,2874000
2024-11-18,388.4970397949219,397.2766523202816,388.1279026351403,392.05876886334573,2054600
2024-11-19,387.7787170410156,391.40030462678016,384.9952084467916,386.03277496113134,1524200
2024-11-20,384.7856750488281,389.09566510802927,381.36363586549794,388.94601901850433,1098100
2024-11-21,389.2353515625,389.46479874875456,383.6782600629222,386.2921798923185,1136200
2024-11-22,383.9576110839844,390.1631892878685,380.5954303537287,389.50471605052616,1069700
2024-11-25,384.0174865722656,387.5293135472249,378.6200274547994,385.39429154359163,2102800
2024-11-26,388.80633544921875,389.04579964322164,384.01747782456044,387.1003091068712,1014600
2024-11-27,387.239990234375,390.492410197623,386.920724947549,388.2576140834678,1018000
2024-11-29,391.24066162109375,392.3879888681255,385.5638533731022,386.13253894272395,711200
2024-12-02,388.7265319824219,393.22608395077077,387.7687665526842,392.3381330656619,1216500
2024-12-03,390.06341552734375,390.9912517255125,385.5638636237482,388.58683640735325,923700
2024-12-04,388.8562316894531,391.30053234523814,387.06038727321305,389.84392632795624,707700
2024-12-05,381.5632019042969,387.80866575447504,378.93929537513026,386.28221467719766,1319500
2024-12-06,384.127197265625,389.0856739520072,382.20167989394196,382.20167989394196,1049400
2024-12-09,380.22625732421875,384.2568977892711,377.87174436981053,383.9077032892697,924900
2024-12-10,381.7926330566406,384.6659597747075,380.2063236074607,383.22929641567407,1281700
2024-12-11,375.2877502441406,385.733473247431,374.3898432860461,382.1318284136214,1214000
2024-12-12,374.1903076171875,377.21328042869794,373.7513254544033,376.125811576696,846100
2024-12-13,373.73138427734375,375.61698591637065,372.2847343560325,374.74900814230955,755800
2024-12-16,371.8357849121094,375.3675543386094,371.586364619157,374.1304394285459,1155500
2024-12-17,369.9501647949219,373.70145586469323,367.1965549290843,370.7183683610978,1540400
2024-12-18,358.337158203125,371.05759308433227,357.6587118698828,370.1397130139533,1618000
2024-12-19,356.3118896484375,362.2181454889673,355.4738106207426,358.4768408706737,1713400
2024-12-20,363.75457763671875,363.9640821670823,355.17451308518565,355.4039907258411,3146700
2024-12-23,365.6401672363281,366.40840123366445,361.59957062145423,363.94412749228815,1461400
2024-12-24,369.92022705078125,369.9700989311029,365.7100112493451,367.4260240984331,431000
2024-12-26,368.56341552734375,369.7905439614211,366.62791149413863,367.3861285295155,839200
2024-12-27,366.25872802734375,368.8128198916527,363.9441307999232,366.37847534578793,705500
2024-12-30,361.4200134277344,363.2656993524466,357.8383414527201,362.05851358489605,813900
2024-12-31,360.04998779296875,364.5799865722656,358.239990234375,361.8999938964844,821800
2025-01-02,358.7200012207031,362.4800109863281,356.82000732421875,362.4800109863281,858300
2025-01-03,361.5199890136719,362.0,358.29998779296875,360.9700012207031,805500
2025-01-06,361.3599853515625,362.44000244140625,358.0199890136719,360.9599914550781,1269900
2025-01-07,355.17999267578125,362.4700012207031,351.8500061035156,362.1700134277344,1931600
2025-01-08,364.1000061035156,364.95001220703125,354.7300109863281,361.30999755859375,1534700
2025-01-10,365.6600036621094,368.82000732421875,361.1600036621094,361.6199951171875,1313800
2025-01-13,360.9800109863281,367.8500061035156,360.760009765625,363.6499938964844,1400800
2025-01-14,362.79998779296875,363.6099853515625,359.32000732421875,362.8299865722656,1175800
2025-01-15,368.6099853515625,370.04998779296875,363.6600036621094,364.5299987792969,1529200
2025-01-16,381.7900085449219,381.82000732421875,372.07000732421875,372.07000732421875,1514900
2025-01-17,383.4200134277344,385.82000732421875,379.0,385.0,1727100
2025-01-21,395.8500061035156,396.2099914550781,387.8999938964844,389.6400146484375,2102100
2025-01-22,390.489990234375,395.0,388.8900146484375,394.1600036621094,1996600
2025-01-23,393.5,394.5899963378906,389.45001220703125,391.1199951171875,1389700
2025-01-24,394.30999755859375,394.67999267578125,389.82000732421875,390.04998779296875,1331700
2025-01-27,399.8999938964844,400.3399963378906,394.5400085449219,396.0,1582400
2025-01-28,395.1499938964844,406.19000244140625,394.5899963378906,400.6099853515625,1993700
2025-01-29,391.07000732421875,396.7099914550781,386.7699890136719,395.0,3322100
2025-01-30,390.42999267578125,400.55999755859375,389.29998779296875,394.1499938964844,1683600
2025-01-31,391.2900085449219,397.55999755859375,390.0,391.1499938964844,1549100
2025-02-03,391.1400146484375,394.1300048828125,387.0,389.44000244140625,999000
2025-02-04,392.3900146484375,393.07000732421875,388.239990234375,389.3299865722656,1121500
2025-02-05,399.0899963378906,399.8500061035156,393.4200134277344,394.8900146484375,1011500
2025-02-06,396.07000732421875,400.25,395.9100036621094,398.3999938964844,1124000
2025-02-07,391.3999938964844,397.2300109863281,390.6099853515625,396.0400085449219,1025800
2025-02-10,392.6000061035156,393.9599914550781,390.3699951171875,392.7900085449219,1334500
2025-02-11,390.4800109863281,393.45001220703125,389.0,390.7200012207031,881900
2025-02-12,385.6300048828125,389.7300109863281,382.0400085449219,386.7900085449219,1161400
2025-02-13,388.3699951171875,388.79998779296875,383.44000244140625,386.239990234375,916600
2025-02-14,385.17999267578125,391.489990234375,384.5,390.0299987792969,1267800
2025-02-18,385.6099853515625,385.7099914550781,379.3599853515625,383.0,1338400
2025-02-19,388.5199890136719,388.6300048828125,384.260009765625,384.5799865722656,827100
2025-02-20,386.4100036621094,388.0,383.29998779296875,387.6700134277344,930300
2025-02-21,382.7799987792969,387.5199890136719,380.1000061035156,382.8699951171875,1268400
2025-02-24,387.9200134277344,390.2799987792969,380.510009765625,381.9700012207031,1317400
2025-02-25,390.29998779296875,391.3699951171875,385.07000732421875,388.25,1665000
2025-02-26,391.739990234375,396.6700134277344,389.3399963378906,391.54998779296875,867800
2025-02-27,388.8999938964844,393.8399963378906,388.510009765625,390.3999938964844,997300
2025-02-28,386.19000244140625,393.82000732421875,379.6099853515625,391.04998779296875,2855600
2025-03-03,394.8800048828125,397.32000732421875,388.3500061035156,390.3999938964844,1237600
2025-03-04,389.9200134277344,396.44000244140625,388.7699890136719,395.07000732421875,1687300
2025-03-05,395.69000244140625,398.0,387.010009765625,387.75,1105000
2025-03-06,382.30999755859375,393.4700012207031,380.0,392.0400085449219,1263800
2025-03-07,379.29998779296875,381.0,367.45001220703125,379.94000244140625,1961800
2025-03-10,370.1199951171875,377.0899963378906,367.2900085449219,375.45001220703125,2162500
2025-03-11,365.2900085449219,369.5199890136719,363.1000061035156,369.5199890136719,1638700
2025-03-12,363.8399963378906,371.1099853515625,361.3399963378906,368.3500061035156,1559100
2025-03-13,363.6600036621094,367.2799987792969,361.0299987792969,365.1400146484375,1965800
2025-03-14,369.5299987792969,371.760009765625,362.6099853515625,364.5799865722656,1797900
2025-03-17,373.489990234375,376.69000244140625,368.0,368.0899963378906,1236000
2025-03-18,375.9100036621094,376.7200012207031,372.7699890136719,374.0,1774900
2025-03-19,378.04998779296875,380.8900146484375,374.6099853515625,376.8800048828125,1554900
2025-03-20,374.2200012207031,378.260009765625,373.32000732421875,377.5,1509100
2025-03-21,371.1099853515625,374.7900085449219,366.489990234375,371.3299865722656,2372300
